{"_runtime":0.9980969,"_step":399,"PCK":0.27480916030534347,"_wandb":{"runtime":0},"Step":100,"Loss":0.0004854918740596544,"_timestamp":1.7321910240998225e+09}