{"_runtime":1.9229354,"Training/acc_pose":0.751782640017934,"Training/data_time":0.008433456420898438,"_timestamp":1.7321903695305371e+09,"Training/time":0.6368067359924316,"Training/lr":0.0005000000000000014,"_step":3060,"Training/loss":0.000889915977206892,"_wandb":{"runtime":1}}