{"Validation PCK (y)":0.27480916030534347,"_step":399,"_timestamp":1.7321915451316335e+09,"Validation Step (x)":100,"Learning Rate (y)":0.0005000000000000014,"Epoch":100,"_runtime":0.9446757,"Training Accuracy (y)":0.8346268720912933,"Step (x)":18465,"_wandb":{"runtime":0},"Training Loss (y)":0.0004854918740596544}