{"Step":16,"Learning Rate":0.0005000000000000014,"Loss":0.000889915977206892,"_timestamp":1.73217972397679e+09,"_runtime":2.7020329,"_step":65,"PCK":0.37500000000000006,"_wandb":{"runtime":2}}