{"_runtime":1.009348,"epoch":17,"acc_pose":0.751782640017934,"_step":3060,"_wandb":{"runtime":1},"lr":0.0005000000000000014,"time":0.6368067359924316,"_timestamp":1.7321906491171408e+09,"loss":0.000889915977206892,"iter":3060}