{"_wandb":{"runtime":1},"Loss":0.000889915977206892,"_timestamp":1.7321766482633429e+09,"_runtime":1.1984422000000001,"_step":65,"Step":16,"Learning Rate":0.0005000000000000014,"PCK":0.37500000000000006}