{"loss":0.0004854918740596544,"_step":18465,"acc_pose":0.8346268720912933,"_timestamp":1.73219084462926e+09,"iter":18465,"time":0.6397319126129151,"_runtime":0.9866179,"_wandb":{"runtime":0},"lr":0.0005000000000000014,"epoch":100}