{"accuracy":0.8346268720912933,"step":18465,"_runtime":0.9072862,"validation_PCK":0.27480916030534347,"epoch":100,"_wandb":{"runtime":0},"_timestamp":1.7321914099987195e+09,"loss":0.0004854918740596544,"validation_step":100,"learning_rate":0.0005000000000000014,"_step":399}